"brand","company","category","source_section","product_name_original","model_original","specifications_original","voltage_hertz_power_original","product_size_original","packing_information_original","loading_quantity_original","image_path","slug","source_page"
"SHANWU","宁波山雾科技有限公司","Kitchen Appliances","Coffee Machine","1.5L Drip Coffee Machine","YCM52105","With removable funnel
With permanent nylon filter
Anti- crip feature
Keep warm function
With tank with single water gauge
On/offswitch with light indicator","220-240V~50/60Hz 750-900W","","","1284 pcs / 20' GP
2664 pcs / 40' GP
2870 pcs / 40' HQ","/catalog/kitchen-2025/shanwu-ycm52105.webp","shanwu-ycm52105","42"
"SHANWU","宁波山雾科技有限公司","Kitchen Appliances","Coffee Machine","1.5L Drip Coffee Machine","YCM52105A","With removable funnel
With permanent nylon fi ter
Anti- drip feature
Keep warm function
With tank witn single water gauge
On/off switch with light inclicator","220-240V~50/60Hz 750-900W","","","1284 pcs / 20' GP
2664 pcs / 40' GP
2870 pcs / 40' HQ","/catalog/kitchen-2025/shanwu-ycm52105a.webp","shanwu-ycm52105a","42"
"SHANWU","宁波山雾科技有限公司","Kitchen Appliances","Coffee Machine","240ml Espresso Coffee Machine","YCM52101","Innovative brewing system
3.5bar pressure
Incependent thermostat
Overheating protection covice","220-240V~50/60Hz 750-900W","","","1284 pcs / 20' GP
2664 pcs / 40' GP
2870 pcs / 40' HQ","/catalog/kitchen-2025/shanwu-ycm52101.webp","shanwu-ycm52101","43"
"SHANWU","宁波山雾科技有限公司","Kitchen Appliances","Coffee Machine","240ml Espresso Coffee Machine","YCM52102","Innovative brewing system
3.5bar pressure
Independent thermostat
Overheating protection devicc","220-240V~50/60Hz 750-900W","","","1284 pcs / 20' GP
2664 pcs / 40' GP
2870 pcs / 40' HQ","/catalog/kitchen-2025/shanwu-ycm52102.webp","shanwu-ycm52102","43"
"SHANWU","宁波山雾科技有限公司","Kitchen Appliances","Coffee Machine","240ml Espresso Coffee Machine","YCM52103","nnovative brewing system
3.5bar pressure
ndependent thermostat
Overheating protection device
Led light in front","220-240V~50/60Hz 750-900W","","","1284 pcs / 20' GP
2664 pcs / 40' GP
2870 pcs / 40' HQ","/catalog/kitchen-2025/shanwu-ycm52103.webp","shanwu-ycm52103","44"
"SHANWU","宁波山雾科技有限公司","Kitchen Appliances","Coffee Machine","240ml Espresso Coffee Machine","YCM52103A","Innovative brewing system
3.5bar prossure
Incependent thermostat
Overheating protection device
Led light in front","220-240V~50/60Hz 750-900W","","","1284 pcs / 20' GP
2664 pcs / 40' GP
2870 pcs / 40' HQ","/catalog/kitchen-2025/shanwu-ycm52103a.webp","shanwu-ycm52103a","44"
"SHANWU","宁波山雾科技有限公司","Kitchen Appliances","Electric Kettle","1.7L 2-in-1 combined tea maker","KE82173A","1.7L 2-in-1 combined tea maker
Co or panel
360° rotation
Stainless steelinner cup
Stainless steel tea filter
Manualid opening
Boi dry protection
Cordi-storage","220-240V~50/60Hz 1850-2200W","","","1464 pcs / 20' GP
3040 pcs / 40' GP
3564 pcs / 40' HQ","/catalog/kitchen-2025/shanwu-ke82173a.webp","shanwu-ke82173a","45"
"SHANWU","宁波山雾科技有限公司","Kitchen Appliances","Electric Kettle","1.7L Stainless Steel Kettle","KE82117","360°rotation
Automaticlic-opening
Boi dry protection
Water gauge
Cord-storage
Wihremovable filler","220-240V~50/60Hz 1850-2200W","","","3060 pcs / 20' GP
6348 pcs / 40' GP
7440 pcs / 40' HQ","/catalog/kitchen-2025/shanwu-ke82117.webp","shanwu-ke82117","46"
"SHANWU","宁波山雾科技有限公司","Kitchen Appliances","Electric Kettle","1.7L Stainless Steel Kettle","KE82117A","360rotation
Automaticlc-opening
Boi dry protection
Water gauge
Cord-storage
With removablefller","220-240V~50/60Hz 1850-2200W","","","3060 pcs / 20' GP
6348 pcs / 40' GP
7440 pcs / 40' HQ","/catalog/kitchen-2025/shanwu-ke82117a.webp","shanwu-ke82117a","46"
"SHANWU","宁波山雾科技有限公司","Kitchen Appliances","Electric Kettle","1.7L Stainless Steel Kettle","KE82118","360°rotation
Automatic lid-opening
Boil dry protection
Water gauge
Cord-storage
With removablefilter
3060p0s/20'GP
6348ncs/40GP","220-240V~50/60Hz 1850-2200W","","","3060 pcs / 20' GP
6348 pcs / 40' GP
7440 pcs / 40' HQ","/catalog/kitchen-2025/shanwu-ke82118.webp","shanwu-ke82118","46"
"SHANWU","宁波山雾科技有限公司","Kitchen Appliances","Electric Kettle","1.7L Stainless Steel Kettle","KE82118A","360°rotation
Automatic lid-opening
Boil dryprotection
Water gauge
Cord-storage
With removable filter
7440cs/40'HQ","220-240V~50/60Hz 1850-2200W","","","3060 pcs / 20' GP
6348 pcs / 40' GP
7440 pcs / 40' HQ","/catalog/kitchen-2025/shanwu-ke82118a.webp","shanwu-ke82118a","46"
"SHANWU","宁波山雾科技有限公司","Kitchen Appliances","Electric Kettle","1.7L Stainless Steel Kettle","KE82108","360°rotation
Automatic id-opening
Boil dry protection
Water gauge
Cord-storage
Withremovabefiter","220-240V~50/60Hz 1850-2200W","","","3192 pcs / 20' GP
6612 pcs / 40' GP
7752 pcs / 40' HQ","/catalog/kitchen-2025/shanwu-ke82108.webp","shanwu-ke82108","47"
"SHANWU","宁波山雾科技有限公司","Kitchen Appliances","Electric Kettle","1.7L Stainless Steel Kettle","KE82109","360ratation
Automatic lid-openng
Boil dry protection
Water gauge
Cord-storage
With removable filler","220-240V~50/60Hz 1850-2200W","","","3192 pcs / 20' GP
6612 pcs / 40' GP
7752 pcs / 40' HQ","/catalog/kitchen-2025/shanwu-ke82109.webp","shanwu-ke82109","47"
"SHANWU","宁波山雾科技有限公司","Kitchen Appliances","Electric Kettle","1.7L Stainless Steel Kettle","KE82115/KE82115A","360°rotation
Automaticid-opening
Boil dry protection
Water gauge
Cord-storage
With removable filter","220-240V~50/60Hz 1850-2200W","","","3192 pcs / 20' GP
6612 pcs / 40' GP
7752 pcs / 40' HQ","/catalog/kitchen-2025/shanwu-ke82115-ke82115a.webp","shanwu-ke82115-ke82115a","47"
"SHANWU","宁波山雾科技有限公司","Kitchen Appliances","Electric Kettle","1.7L Stainless Steel Kettle","KE82116/KE82116A","360°rotation
Automatclid-opening
Boil dry protection
Water gauge
Cord-storage
Withremovabefi ter
m","220-240V~50/60Hz 1850-2200W","","","3192 pcs / 20' GP
6612 pcs / 40' GP
7752 pcs / 40' HQ","/catalog/kitchen-2025/shanwu-ke82116-ke82116a.webp","shanwu-ke82116-ke82116a","47"
"SHANWU","宁波山雾科技有限公司","Kitchen Appliances","Electric Kettle","1.7L Stainless Steel Kettle","KE82112","360°rotation
Automatic lid-opening
Ball dryprotection
Cord-slorage
With removablefiller","220-240V~50/60Hz 1850-2200W","","","3192 pcs / 20' GP
6612 pcs / 40' GP
7752 pcs / 40' HQ","/catalog/kitchen-2025/shanwu-ke82112.webp","shanwu-ke82112","48"
"SHANWU","宁波山雾科技有限公司","Kitchen Appliances","Electric Kettle","1.7L Stainless Steel Kettle","KE82113","360rotation
Automatic lid-opening
Boil dry protection
Cord-storage
With removablefilter","220-240V~50/60Hz 1850-2200W","","","3192 pcs / 20' GP
6612 pcs / 40' GP
7752 pcs / 40' HQ","/catalog/kitchen-2025/shanwu-ke82113.webp","shanwu-ke82113","48"
"SHANWU","宁波山雾科技有限公司","Kitchen Appliances","Electric Kettle","1.7L Stainless Steel Kettle","KE82110/KE82110T","360°rotation
Manual id-opening
Boil dry protection
Water gauge
Cord-storage
With removablefilter","220-240V~50/60Hz 1850-2200W","","","3060 pcs / 20' GP
6348 pcs / 40' GP
7440 pcs / 40' HQ","/catalog/kitchen-2025/shanwu-ke82110-ke82110t.webp","shanwu-ke82110-ke82110t","49"
"SHANWU","宁波山雾科技有限公司","Kitchen Appliances","Electric Kettle","1.7L Stainless Steel Kettle","KE82121","360°rotation
220-240V-50/60H>1850-2200W
Manualid-opening
Bail dry protection
Cord-storage
With removablefilter","220-240V~50/60Hz 1850-2200W","","","3060 pcs / 20' GP
6348 pcs / 40' GP
7440 pcs / 40' HQ","/catalog/kitchen-2025/shanwu-ke82121.webp","shanwu-ke82121","49"
"SHANWU","宁波山雾科技有限公司","Kitchen Appliances","Electric Kettle","1.7L Stainless Steel Kettle","KE82105A","360°rotation
Automatic lid-opening
Boil dry protection
Water gauge
6324 p0s / 40' GP
Cord- storage
With removable filter","220-240V~50/60Hz 1850-2200W","","","3054 pcs / 20' GP
6324 pcs / 40' GP
7416 pcs / 40' HQ","/catalog/kitchen-2025/shanwu-ke82105a.webp","shanwu-ke82105a","50"
"SHANWU","宁波山雾科技有限公司","Kitchen Appliances","Electric Kettle","1.7L Stainless Steel Kettle","KE82105C","360°rotation
Automatic lid-opening
Boil dry protection
Water gauge
Cord-storage
With removable filter","220-240V~50/60Hz 1850-2200W","","","3228 pcs / 20' GP
6684 pcs / 40' GP
7842 pcs / 40' HQ","/catalog/kitchen-2025/shanwu-ke82105c.webp","shanwu-ke82105c","50"
"SHANWU","宁波山雾科技有限公司","Kitchen Appliances","Electric Kettle","1.7L Plastic Kettle","KE82107B-2","360°rotation
Automatic lid-opening
Water gauge
Cord-storage
With removablefilter
Indicatorlight","220-240V~50/60Hz 1850-2200W","","","2958 pcs / 20' GP
6126 pcs / 40' GP
7182 pcs / 40' HQ","/catalog/kitchen-2025/shanwu-ke82107b-2.webp","shanwu-ke82107b-2","51"
"SHANWU","宁波山雾科技有限公司","Kitchen Appliances","Electric Kettle","1.7L Double Layer Kettle","KE82128D-1","360°rotation
Stainless steel inner cup
Automatic lid-opening
Boil dry prolection
5190 p0s /40' GP
Conceal heating element
Corc-slorage","220-240V~50/60Hz 1850-2200W","","","2502 pcs / 20' GP
5190 pcs / 40' GP
6084 pcs / 40' HQ","/catalog/kitchen-2025/shanwu-ke82128d-1.webp","shanwu-ke82128d-1","52"
"SHANWU","宁波山雾科技有限公司","Kitchen Appliances","Electric Kettle","1.7L Double Layer Kettle","KE82175","360° rotation
With diamonc pattem
Stainless steel inner cup
Automatic id-opening
Boil dry protection
Cord-storage","220-240V~50/60Hz 1850-2200W","","","2400 pcs / 20' GP
4958 pcs / 40' GP
5826 pcs / 40' HQ","/catalog/kitchen-2025/shanwu-ke82175.webp","shanwu-ke82175","53"
"SHANWU","宁波山雾科技有限公司","Kitchen Appliances","Electric Kettle","1.7L Glass Kettle","KE82101/KE82101S","360° rotation
Automatic lic-opening
Boil dry protection
Removable filter
LED ring at the bottom of pot
Cord- storage","220-240V~50/60Hz 1850-2200W","","","2328 pcs / 20' GP
4830 pcs / 40' GP
5664 pcs / 40' HQ","/catalog/kitchen-2025/shanwu-ke82101-ke82101s.webp","shanwu-ke82101-ke82101s","55"
"SHANWU","宁波山雾科技有限公司","Kitchen Appliances","Electric Kettle","1.7L Glass Kettle","KE82102","360°rolation
Automatic lid opening
Boil dry protection
Removable filter
LED ring at the bottom of pot
Cord- storage","220-240V~50/60Hz 1850-2200W","","","2286 pcs / 20' GP
4746 pcs / 40' GP
5562 pcs / 40' HQ","/catalog/kitchen-2025/shanwu-ke82102.webp","shanwu-ke82102","56"
"SHANWU","宁波山雾科技有限公司","Kitchen Appliances","Electric Kettle","1.7L Glass Kettle","KE82139A","360° rolation
Easy filling licopening
LED light beside handle
Removable filter
Cord-storage","220-240V~50/60Hz 1850-2200W","","","2196 pcs / 20' GP
4548 pcs / 40' GP
5332 pcs / 40' HQ","/catalog/kitchen-2025/shanwu-ke82139a.webp","shanwu-ke82139a","56"
"SHANWU","宁波山雾科技有限公司","Kitchen Appliances","Electric Kettle","1.7L Glass Kettle","KE82171C","360° rotation
Easy filing lidopening
LED ring at the bottom of pot
Removable filter
Cord-storage","220-240V~50/60Hz 1850-2200W","","","2196 pcs / 20' GP
4548 pcs / 40' GP
5332 pcs / 40' HQ","/catalog/kitchen-2025/shanwu-ke82171c.webp","shanwu-ke82171c","56"
"SHANWU","宁波山雾科技有限公司","Kitchen Appliances","Electric Kettle","1.7L Glass Kettle","KE82139","360° rotation
LED light beside handle
Manuallic-opening
Boi cry protection
Removab e fiter
Cord- storage
0E","220-240V~50/60Hz 1850-2200W","","","2196 pcs / 20' GP
4548 pcs / 40' GP
5332 pcs / 40' HQ","/catalog/kitchen-2025/shanwu-ke82139.webp","shanwu-ke82139","57"
"SHANWU","宁波山雾科技有限公司","Kitchen Appliances","Electric Kettle","1.7L Glass Kettle","KE82170A","360° rotation
Handle with control buttons
Manual lid-opening
LED ring atthe bottom of pot
Removable filter
Cord- storage","220-240V~50/60Hz 1850-2200W","","","2196 pcs / 20' GP
4548 pcs / 40' GP
5332 pcs / 40' HQ","/catalog/kitchen-2025/shanwu-ke82170a.webp","shanwu-ke82170a","57"
"SHANWU","宁波山雾科技有限公司","Kitchen Appliances","Toaster","2 Slice Stainless Steel Toaster","JT62101/JT62126","Reheat/defrost/cancel setting
Adjustablebrowning control
Automatically turnoff
Middle settingautomaticaly
Detachable crumb tray
Cord storage","220-240V~50/60Hz 780-930W","","","2598 pcs / 20' GP
5382 pcs / 40' GP
6312 pcs / 40' HQ","/catalog/kitchen-2025/shanwu-jt62101-jt62126.webp","shanwu-jt62101-jt62126","59"
"SHANWU","宁波山雾科技有限公司","Kitchen Appliances","Toaster","2 Slice Stainless Steel Toaster","JT62115","Digital display setting
Reheat/defrost/cancel setting
Automaticalyturnoff
Middle setting automatically
Detachable crumb tray
Cord storage
220240V-50/60H7750900W","220-240V~50/60Hz 750-900W","","","2370 pcs / 20' GP
4914 pcs / 40' GP
5760 pcs / 40' HQ","/catalog/kitchen-2025/shanwu-jt62115.webp","shanwu-jt62115","59"
"SHANWU","宁波山雾科技有限公司","Kitchen Appliances","Toaster","4 Slice Stainless Steel Toaster","JT62116","Digitalcisplay setting
Reheat/cefrost/cancel setting
Automatically turn off
Midde setting automaticaly
Detachable crumb tray
Cord storage","220-240V~50/60Hz 1350-1600W","","","1432 pcs / 20' GP
2972 pcs / 40' GP
3483 pcs / 40' HQ","/catalog/kitchen-2025/shanwu-jt62116.webp","shanwu-jt62116","59"
"SHANWU","宁波山雾科技有限公司","Kitchen Appliances","Toaster","2 Slice Plastic Toaster","JT62100A","Reheatdefrost/cancel setting
Adjustablebrowningcontro
Automatica lyturnoff
Middlesettngautomatically
Detachable crumb tray
Cord storage","220-240V~50/60Hz 750-900W","","","2604 pcs / 20' GP
5400 pcs / 40' GP
6330 pcs / 40' HQ","/catalog/kitchen-2025/shanwu-jt62100a.webp","shanwu-jt62100a","60"
"SHANWU","宁波山雾科技有限公司","Kitchen Appliances","Toaster","2 Slice Plastic Toaster","JT62100B","Reneat/cefrostcancel setting
Adjustablebrowning control
Automatical yturn off
Miccleseing automatically
Detachable crumb tray
Cord storage","220-240V~50/60Hz 750-900W","","","2604 pcs / 20' GP
5400 pcs / 40' GP
6330 pcs / 40' HQ","/catalog/kitchen-2025/shanwu-jt62100b.webp","shanwu-jt62100b","60"
"SHANWU","宁波山雾科技有限公司","Kitchen Appliances","Toaster","2 Slice Plastic Toaster","JT62103A","Reheat/cefrost/cancel setting
Adjustable browning control
Automatically turn off
Miccle setting automaticaly
Detachable crumb tray
Cord storage
10010
10:00","220-240V~50/60Hz 750-900W","","","2484 pcs / 20' GP
5154 pcs / 40' GP
6042 pcs / 40' HQ","/catalog/kitchen-2025/shanwu-jt62103a.webp","shanwu-jt62103a","61"
"SHANWU","宁波山雾科技有限公司","Kitchen Appliances","Toaster","2 Slice Plastic Toaster","JT62105","Reheat/defrost/cancel setting
Adjustable browning control
Automatically turnoff
Midde settingautomaticaly
Detachable crumb tray
Corc storage","220-240V~50/60Hz 750-900W","","","2796 pcs / 20' GP
5796 pcs / 40' GP
6798 pcs / 40' HQ","/catalog/kitchen-2025/shanwu-jt62105.webp","shanwu-jt62105","61"
"SHANWU","宁波山雾科技有限公司","Kitchen Appliances","Toaster","4 Slice SS Toaster","JT62123","Reheat/defrost/cancel setting
Adjustable browning control
Automaltically turn off
Midid e setting automatically
Detachable crumb tray
Cord-storage","220-240V~50/60Hz 1560-1860W","","","2262 pcs / 20' GP
4684 pcs / 40' GP
5496 pcs / 40' HQ","/catalog/kitchen-2025/shanwu-jt62123.webp","shanwu-jt62123","62"
"SHANWU","宁波山雾科技有限公司","Kitchen Appliances","Toaster","4 Slice Toaster","JT62133","Reheat/defrost/cancel setting
Adjustable browning control
Automatically turn off
Middle setting automatically
Detachable crumb tray
Cord-storage","220-240V~50/60Hz 1560-1860W","","","2262 pcs / 20' GP
4684 pcs / 40' GP
5496 pcs / 40' HQ","/catalog/kitchen-2025/shanwu-jt62133.webp","shanwu-jt62133","62"
"SHANWU","宁波山雾科技有限公司","Kitchen Appliances","Toaster","4 Slice Toaster","JT62133A","Reheat/defrost/cancel setting
Adjustable browning control
Automaltically turn off
Micidle setting automatically
Detachable crumb tray
Cord-storage","220-240V~50/60Hz 1560-1860W","","","2262 pcs / 20' GP
4684 pcs / 40' GP
5496 pcs / 40' HQ","/catalog/kitchen-2025/shanwu-jt62133a.webp","shanwu-jt62133a","62"
"SHANWU","宁波山雾科技有限公司","Kitchen Appliances","Toaster","4 Slice Toaster","JT62136","Reheat/defrost/cancel setting
Adjustable browning control
Automatically turn off
Middle setting automatically
Detachable crumb tray
Cord-storage","220-240V~50/60Hz 1560-1860W","","","2148 pcs / 20' GP
4458 pcs / 40' GP
5226 pcs / 40' HQ","/catalog/kitchen-2025/shanwu-jt62136.webp","shanwu-jt62136","62"
"SHANWU","宁波山雾科技有限公司","Kitchen Appliances","Sandwich Maker","Sandwich maker","YSW85101","Non-stick coated plate
Rep aced sancwich/gril/waffle plate
Adjustable temperature control
Power and ready indicators
Cord slorage","220-240V~50/60Hz 700-830W","","","3000 pcs / 20' GP
6210 pcs / 40' GP
7284 pcs / 40' HQ","/catalog/kitchen-2025/shanwu-ysw85101.webp","shanwu-ysw85101","63"
"SHANWU","宁波山雾科技有限公司","Kitchen Appliances","Sandwich Maker","Sandwich maker","YSW85102","Non-stickcoated plate
Aojustab e temperature control
Power and roady indicators
Corc storage","220-240V~50/60Hz 700-830W","","","3000 pcs / 20' GP
6210 pcs / 40' GP
7284 pcs / 40' HQ","/catalog/kitchen-2025/shanwu-ysw85102.webp","shanwu-ysw85102","63"
"SHANWU","宁波山雾科技有限公司","Kitchen Appliances","Air Fryer","5L Air Fryer","YJAF803EW","With viewing window
Plastic body with S/S decoration
Nonstick, dishwasher safe oil basket orrack
With overheat protection
80-200 degrees for different recipes
Easy-to read and aojustable dlisplay","220-240V~50/60Hz 1450W","","","576 pcs / 20' GP
1224 pcs / 40' GP
1428 pcs / 40' HQ","/catalog/kitchen-2025/shanwu-yjaf803ew.webp","shanwu-yjaf803ew","65"
"SHANWU","宁波山雾科技有限公司","Kitchen Appliances","Air Fryer","5L Air Fryer","YJAF804EW","Color pane
with viewing window
Plastic bodly with S/S decoration
Detachab e non stick drawer
Frying plate
With overheat protection
90 min timer automatica ly shut off
40200 cogrecs fordifferont recipes","220-240V~50/60Hz 1500W","","","612 pcs / 20' GP
1512 pcs / 40' GP
1862 pcs / 40' HQ","/catalog/kitchen-2025/shanwu-yjaf804ew.webp","shanwu-yjaf804ew","65"
"SHANWU","宁波山雾科技有限公司","Kitchen Appliances","Air Fryer","5L Air Fryer","YJAF804JW","Color panel
with viewing window
Plastic body with S/S cecoration
Detachable non stick drawer
Frying plate
Witih overheat protection
90 min timer automatically shut off
40200 degrees fordifforent rocipes","220-240V~50/60Hz 1500W","","","612 pcs / 20' GP
1512 pcs / 40' GP
1862 pcs / 40' HQ","/catalog/kitchen-2025/shanwu-yjaf804jw.webp","shanwu-yjaf804jw","65"
"SHANWU","宁波山雾科技有限公司","Kitchen Appliances","Air Fryer","7L Air Fryer","YJAF809D","Color paneland viewing wincow
P astic body with S/S decoration
Detachable non-stick drawer
Frying p ate
With overheal protection
90 min timer automatically shut off
40200 degrees for cifferent recipes","220-240V~50/60Hz 1600W","","","450 pcs / 20' GP
1386 pcs / 40' GP
1340 pcs / 40' HQ","/catalog/kitchen-2025/shanwu-yjaf809d.webp","shanwu-yjaf809d","65"
"SHANWU","宁波山雾科技有限公司","Kitchen Appliances","Air Fryer","7L Air Fryer","YJAF810EW","Color pane and viewing window
Plastic body with S/S decoration
Detachab e nonstick drawer
Frying plate
With overheat protection
90 min timer automatica ly shut off
40-200 degrees for different recipe","220-240V~50/60Hz 1600W","","","450 pcs / 20' GP
1386 pcs / 40' GP
1340 pcs / 40' HQ","/catalog/kitchen-2025/shanwu-yjaf810ew.webp","shanwu-yjaf810ew","66"
"SHANWU","宁波山雾科技有限公司","Kitchen Appliances","Air Fryer","7L Air Fryer","YJAF812EW","Color panel anc viewing window
Plastic body with S/S decoration
Detachable non—stick drawer
Frying plate
With overheat protection
90 min timer automatically shut off
40-200 degrees for different recipes","220-240V~50/60Hz 1600W","","","450 pcs / 20' GP
1386 pcs / 40' GP
1340 pcs / 40' HQ","/catalog/kitchen-2025/shanwu-yjaf812ew.webp","shanwu-yjaf812ew","66"
"SHANWU","宁波山雾科技有限公司","Kitchen Appliances","Air Fryer","8L Air Fryer","YJAF813EW","Plastic or metal innercavilty for optional
Single or dualheating element for optional
Working time: 060mins
Working temp:80℃ 200℃
Overheating temperature protection
Stainless steelcecoration bocy
With visiole wincow","220-240V~50/60Hz 1500W","","","1050 pcs / 40' HQ","/catalog/kitchen-2025/shanwu-yjaf813ew.webp","shanwu-yjaf813ew","66"
"SHANWU","宁波山雾科技有限公司","Kitchen Appliances","Air Fryer","8L Air Fryer","YJAF814EW","Plastic ormetaliner cavity for optional
Single or dual heating e ement for ootional
Working time: 060mins
Workingtemp:80°℃ 200℃
Overheating temperature protection
Stain ess steeldecoration bocy
With visible window","220-240V~50/60Hz 1700W","","","1050 pcs / 40' HQ","/catalog/kitchen-2025/shanwu-yjaf814ew.webp","shanwu-yjaf814ew","66"
"SHANWU","宁波山雾科技有限公司","Kitchen Appliances","Air Fryer","8L Air Fryer","YJAF815EW","Plastic or metal inner cavily for optional
Single or cua heating elementfor optional
Working time: 060mins
Working temp:80℃ 200℃
Overheating temperature protection
Stainless steel decoration body
With visible window","220-240V~50/60Hz 1700W","","","1050 pcs / 40' HQ","/catalog/kitchen-2025/shanwu-yjaf815ew.webp","shanwu-yjaf815ew","67"
"SHANWU","宁波山雾科技有限公司","Kitchen Appliances","Air Fryer","8L Air Fryer","YJAF816EW","Plastic or melalinner cavity for optional
Sing e or dual heating element for ootional
Working time: 060mins
Workingtemp: 80°℃ 200℃
Overheating temperature protection
Stainless steel decoration bocly
With visible window","220-240V~50/60Hz 1700W","","","1050 pcs / 40' HQ","/catalog/kitchen-2025/shanwu-yjaf816ew.webp","shanwu-yjaf816ew","67"
"SHANWU","宁波山雾科技有限公司","Kitchen Appliances","Air Fryer","8L Air Fryer","YJAF817EW","Plastic or metal inner cavily for optiona
Single orcual heating elementfor optiona
Working time: 060mins
Working temp: 80°℃ 200℃
Overheating temperature protection
Stainless steel decoration body
With visible window","220-240V~50/60Hz 1700W","","","1050 pcs / 40' HQ","/catalog/kitchen-2025/shanwu-yjaf817ew.webp","shanwu-yjaf817ew","67"
"SHANWU","宁波山雾科技有限公司","Kitchen Appliances","Air Fryer","8L Air Fryer","YJAF818EW","Plastic ormetaliner cavity for optional
Single or dual heating e ement for optional
Working time: 060mins
Workingtemp:80°℃ 200℃
Overheating temperature protection
Stain ess steeldecoration bocy
With visible wincow","220-240V~50/60Hz 1700W","","","1050 pcs / 40' HQ","/catalog/kitchen-2025/shanwu-yjaf818ew.webp","shanwu-yjaf818ew","67"
"SHANWU","宁波山雾科技有限公司","Kitchen Appliances","Air Fryer","8L Air Fryer","YJAF811EW","Capacily: 4L+4L
Plastic or metal inner cavity for optiona
Working time: 0-60mins
Working temp: 80℃ -200℃
Overheating tomperature protection
Stainless stee decoration body","220-240V~50/60Hz 1000W+1000W","","","840 pcs / 40' HQ","/catalog/kitchen-2025/shanwu-yjaf811ew.webp","shanwu-yjaf811ew","68"
"SHANWU","宁波山雾科技有限公司","Kitchen Appliances","Air Fryer","8L Air Fryer","YJAF819EW","Capacily: 4L+4L
Plastic or metal inner cavity for optional
Working time: 060mins
Working temp: 80℃-200℃
Overheating tomperature protection
Stainless steel decoration bocy","220-240V~50/60Hz 1000W+1000W","","","840 pcs / 40' HQ","/catalog/kitchen-2025/shanwu-yjaf819ew.webp","shanwu-yjaf819ew","68"
"SHANWU","宁波山雾科技有限公司","Kitchen Appliances","Air Fryer","8L Air Fryer","YJAF820EW","Capacily: 4L+4L
Plastic or metal inner cavity for optional
Working tirme: 0-60mins
Working temp: 80'℃ -200°℃
Overheating temporature protection
Stainless steel decoration body
With visible window","220-240V~50/60Hz 1000W+ 1000W","","","840 pcs / 40' HQ","/catalog/kitchen-2025/shanwu-yjaf820ew.webp","shanwu-yjaf820ew","68"
"SHANWU","宁波山雾科技有限公司","Kitchen Appliances","Air Fryer","8L Air Fryer","YJAF821EW","Capacily: 4L+4L
Plastic or metal inner cavity for optional
Working timo: 0-60mins
Working temp: 80'C-200°℃
Overheating tomperature protection
Stainless steel cecoration body
With visible wincow","220-240V~50/60Hz 1000W+ 1000W","","","840 pcs / 40' HQ","/catalog/kitchen-2025/shanwu-yjaf821ew.webp","shanwu-yjaf821ew","68"
"SHANWU","宁波山雾科技有限公司","Kitchen Appliances","Air Fryer","8L Air Fryer","YJAF822E","Capacily: 4L+4L
Plastic or metal inner cavity for optiona
Working time: 0-60mins
Working temp: 80℃ -200℃
Overheating tomperature protection
Stainless stee decoration body","220-240V~50/60Hz 1000W+1000W","","","840 pcs / 40' HQ","/catalog/kitchen-2025/shanwu-yjaf822e.webp","shanwu-yjaf822e","69"
"SHANWU","宁波山雾科技有限公司","Kitchen Appliances","Air Fryer","8L Air Fryer","YJAF822EW","Capacily: 4L+4L
Plastic or metal inner cavity for optional
Working time: 0-60mins
Working temp: 80'C -200°℃
Overheating temporature protection
Stainless steel decoration body
With visin e window","220-240V~50/60Hz 1000W+1000W","","","840 pcs / 40' HQ","/catalog/kitchen-2025/shanwu-yjaf822ew.webp","shanwu-yjaf822ew","69"
"SHANWU","宁波山雾科技有限公司","Kitchen Appliances","Air Fryer","10L Air Fryer","YJAF823EW","Metal inner cavity
Working time: 0-60mins
Working temp: 80℃-200℃
Overheating temperature protection
Stain ess steel decoration body
With visible window","220-240V~50/60Hz 1750W","","","960 pcs / 40' HQ","/catalog/kitchen-2025/shanwu-yjaf823ew.webp","shanwu-yjaf823ew","69"
"SHANWU","宁波山雾科技有限公司","Kitchen Appliances","Air Fryer","10L Air Fryer","YJAF824EW","Metal inner cavity
Working time: 0-60mins
Working temp: 80°℃-200°℃
Overheating temoerature protection
Stain ess steel decoration body
With visible window","220-240V~50/60Hz 1750W","","","960 pcs / 40' HQ","/catalog/kitchen-2025/shanwu-yjaf824ew.webp","shanwu-yjaf824ew","69"
"SHANWU","宁波山雾科技有限公司","Kitchen Appliances","Pizza Maker","4L PIZZA MAKER","YJAF825EW","Working time: 0- 12hour
Working temp: 40℃230℃
Overheating temperature protection","220-240V~50/60Hz 1700+500W","","","1200 pcs / 40' HQ","/catalog/kitchen-2025/shanwu-yjaf825ew.webp","shanwu-yjaf825ew","70"
"SHANWU","宁波山雾科技有限公司","Kitchen Appliances","Pizza Maker","7L PIZZA MAKER","YJAF826EW","orking time: 0- 12hour
Vorking temp: 40°℃-230°℃
Overheating temperature protection","220-240V~50/60Hz 1700+500W","","","1000 pcs / 40' HQ","/catalog/kitchen-2025/shanwu-yjaf826ew.webp","shanwu-yjaf826ew","70"